<?xml version="1.0" encoding="UTF-8"?>
<project-private xmlns="http://www.netbeans.org/ns/project-private/1">
    <editor-bookmarks xmlns="http://www.netbeans.org/ns/editor-bookmarks/2" lastBookmarkId="0"/>
    <open-files xmlns="http://www.netbeans.org/ns/projectui-open-files/2">
        <group>
            <file>file:/C:/Users/Areej/Documents/NetBeansProjects/HelathHajj/src/helathhajj/Welcome.java</file>
            <file>file:/C:/Users/Areej/Documents/NetBeansProjects/HelathHajj/src/helathhajj/Service.java</file>
            <file>file:/C:/Users/Areej/Documents/NetBeansProjects/HelathHajj/src/helathhajj/HelathHajj.java</file>
            <file>file:/C:/Users/Areej/Documents/NetBeansProjects/HelathHajj/src/helathhajj/UserDetails2.java</file>
            <file>file:/C:/Users/Areej/Documents/NetBeansProjects/HelathHajj/src/helathhajj/UserDetails.java</file>
            <file>file:/C:/Users/Areej/Documents/NetBeansProjects/HelathHajj/src/helathhajj/Login.java</file>
            <file>file:/C:/Users/Areej/Documents/NetBeansProjects/HelathHajj/src/helathhajj/New_customer.java</file>
            <file>file:/C:/Users/Areej/Documents/NetBeansProjects/HelathHajj/src/helathhajj/FAQ2.java</file>
        </group>
    </open-files>
</project-private>
